-- phpMyAdmin SQL Dump
-- version 4.0.10deb1
-- http://www.phpmyadmin.net
--
-- Host: localhost
-- Generation Time: Mar 15, 2018 at 09:19 AM
-- Server version: 5.5.57-0ubuntu0.14.04.1
-- PHP Version: 5.5.9-1ubuntu4.22

SET SQL_MODE = "NO_AUTO_VALUE_ON_ZERO";
SET time_zone = "+00:00";


/*!40101 SET @OLD_CHARACTER_SET_CLIENT=@@CHARACTER_SET_CLIENT */;
/*!40101 SET @OLD_CHARACTER_SET_RESULTS=@@CHARACTER_SET_RESULTS */;
/*!40101 SET @OLD_COLLATION_CONNECTION=@@COLLATION_CONNECTION */;
/*!40101 SET NAMES utf8 */;

--
-- Database: `apps_eclaim`
--

-- --------------------------------------------------------

--
-- Table structure for table `golongan`
--

CREATE TABLE IF NOT EXISTS `golongan` (
  `id_golongan` int(2) NOT NULL AUTO_INCREMENT,
  `nama_golongan` varchar(10) NOT NULL,
  `pajak` int(2) NOT NULL,
  PRIMARY KEY (`id_golongan`)
) ENGINE=InnoDB  DEFAULT CHARSET=latin1 AUTO_INCREMENT=10 ;

--
-- Dumping data for table `golongan`
--

INSERT INTO `golongan` (`id_golongan`, `nama_golongan`, `pajak`) VALUES
(1, 'G1', 5),
(3, 'G2', 5),
(4, 'G3', 10),
(5, 'G4', 10),
(6, 'G5', 10),
(7, 'G6', 15),
(8, 'G7', 15),
(9, 'G8', 15);

-- --------------------------------------------------------

--
-- Table structure for table `jabatan`
--

CREATE TABLE IF NOT EXISTS `jabatan` (
  `id_jabatan` int(2) NOT NULL AUTO_INCREMENT,
  `nama_jabatan` varchar(100) NOT NULL,
  `id_golongan` int(2) NOT NULL,
  PRIMARY KEY (`id_jabatan`)
) ENGINE=InnoDB  DEFAULT CHARSET=latin1 AUTO_INCREMENT=12 ;

--
-- Dumping data for table `jabatan`
--

INSERT INTO `jabatan` (`id_jabatan`, `nama_jabatan`, `id_golongan`) VALUES
(1, 'Direktur', 10),
(3, 'Head Of Division', 9),
(4, 'Head Of Departement', 8),
(5, 'Manager', 7),
(6, 'Senior Officer', 6),
(7, 'Junior Officer', 5),
(8, 'Senior Supervisor', 5),
(9, 'Supervisor', 4),
(10, 'Junior Supervisor', 3),
(11, 'Staff', 1);

-- --------------------------------------------------------

--
-- Table structure for table `kantor`
--

CREATE TABLE IF NOT EXISTS `kantor` (
  `id_kantor` varchar(10) NOT NULL,
  `nama_kantor` varchar(100) NOT NULL,
  `id_regencies` char(4) NOT NULL,
  `approval` varchar(10) NOT NULL,
  `alamat_kantor` text NOT NULL,
  PRIMARY KEY (`id_kantor`)
) ENGINE=InnoDB DEFAULT CHARSET=utf8;

--
-- Dumping data for table `kantor`
--

INSERT INTO `kantor` (`id_kantor`, `nama_kantor`, `id_regencies`, `approval`, `alamat_kantor`) VALUES
('KW001', 'Kw. As. Jiwa Individu Sumbagut I/Medan', '1275', '0', '-'),
('KW002', 'Kw. As. Jiwa Individu Sumbagut II/Pematang Siantar', '1273', '0', '-'),
('KW003', 'Kw. As.  Jiwa Individu Sumbagteng I/Padang', '1371', '3141', '-'),
('KW004', 'Kw. As. Jiwa Individu Sumbagteng II/Pekanbaru.', '1471', '0', '-'),
('KW005', 'Kw. As. Jiwa Individu Sumbagsel I/Palembang', '1671', '0', '-');

-- --------------------------------------------------------

--
-- Table structure for table `karyawan`
--

CREATE TABLE IF NOT EXISTS `karyawan` (
  `id_karyawan` varchar(10) NOT NULL,
  `nama_karyawan` varchar(100) NOT NULL,
  `id_kantor` varchar(10) NOT NULL,
  `id_jabatan` int(2) NOT NULL,
  `no_rekening` int(20) NOT NULL,
  `an_rekening` varchar(100) NOT NULL,
  `email` varchar(100) NOT NULL,
  `telepon` varchar(15) NOT NULL,
  `jenis_kelamin` enum('L','P') NOT NULL,
  `alamat` text NOT NULL,
  `foto` varchar(100) NOT NULL,
  PRIMARY KEY (`id_karyawan`)
) ENGINE=InnoDB DEFAULT CHARSET=latin1;

--
-- Dumping data for table `karyawan`
--

INSERT INTO `karyawan` (`id_karyawan`, `nama_karyawan`, `id_kantor`, `id_jabatan`, `no_rekening`, `an_rekening`, `email`, `telepon`, `jenis_kelamin`, `alamat`, `foto`) VALUES
('3141', 'Mohd. Khairul', 'KW003', 4, 2147483647, 'Mohd. Khairul', 'mohkhairul@gmail.com', '08165983154', 'L', 'Jl.Pamekaran Barat II No.14 Rt.001 Rw.003', 'user.png'),
('3329', 'Tutik Fitri Istianah', 'KW003', 11, 2147483647, 'tutik', 'tutik@gmail.com', '08165983154', 'P', 'Jl. Bandeng Taman No. 20\r\n', 'user.png'),
('3356', 'Sutrisno', 'KW003', 11, 2147483641, 'sutrisno', 'sutrisno@gmail.com', '08165983154', 'L', 'JL. Lodaya Ujung No. 19\r\n', '');

-- --------------------------------------------------------

--
-- Table structure for table `klaim`
--

CREATE TABLE IF NOT EXISTS `klaim` (
  `no_letter` varchar(100) NOT NULL,
  `id_karyawan` varchar(10) NOT NULL,
  `tanggal_pengajuan` date NOT NULL,
  `tanggal_pengobatan` date NOT NULL,
  `diagnosa` text NOT NULL,
  `biaya` varchar(10) NOT NULL,
  `pajak` varchar(10) NOT NULL,
  `total` varchar(10) NOT NULL,
  `file` varchar(100) NOT NULL,
  `status` enum('approved','pending','reject','verify') NOT NULL DEFAULT 'pending',
  `tanggal_proses` date NOT NULL,
  `alasan` text NOT NULL,
  `approval` varchar(10) NOT NULL,
  `action_by` varchar(200) NOT NULL,
  PRIMARY KEY (`no_letter`)
) ENGINE=InnoDB DEFAULT CHARSET=latin1;

--
-- Dumping data for table `klaim`
--

INSERT INTO `klaim` (`no_letter`, `id_karyawan`, `tanggal_pengajuan`, `tanggal_pengobatan`, `diagnosa`, `biaya`, `pajak`, `total`, `file`, `status`, `tanggal_proses`, `alasan`, `approval`, `action_by`) VALUES
('20180311020739', '3329', '2018-03-11', '2018-03-10', 'Proteksi mengacu pada mekanisme untuk mengontrol akses yang dilakukan oleh program, prosesor, atau pengguna ke sistem sumber daya', '200000', '10000', '210000', '', 'reject', '2018-03-14', 'Pada kenyataannya tidak semua sistem operasi mempunyai struktur yang sama. <br>Namun menurut Avi Silberschatz, Peter Galvin, dan Greg Gagne, umumnya sebuah sistem operasi modern mempunyai komponen sebagai berikut<br><br>', '3141', 'Mohd. Khairul'),
('20180311021205', '3329', '2018-03-11', '2018-03-10', 'Lorem ipsum dolor sit amet, consectetur adipisicing elit, sed do eiusmod tempor incididunt ut labore et dolore magna aliqua. Ut enim ad minim veniam, quis nostrud exercitation ullamco laboris nisi ut aliquip ex ea commodo consequat. Lorem ipsum dolor sit amet, consectetur adipisicing elit, sed do eiusmod tempor incididunt ut labore et dolore magna aliqua. Ut enim ad minim veniam, quis nostrud exercitation ullamco laboris nisi ut aliquip ex ea commodo consequat. ', '500000', '25000', '525000', 'klorofilpro.png', 'verify', '2018-03-13', '', '3141', 'Mohd. Khairul'),
('20180311023259', '3329', '2018-03-11', '2018-03-12', 'fggfg', '1000000', '50000', '1050000', '', 'pending', '2018-03-13', '', '3141', 'Admin'),
('20180311023324', '3329', '2018-03-11', '2018-02-26', 'rttrttr', '700000', '35000', '735000', '', 'approved', '2018-03-13', '', '3141', 'Admin');

-- --------------------------------------------------------

--
-- Table structure for table `log_aktivitas`
--

CREATE TABLE IF NOT EXISTS `log_aktivitas` (
  `id_log` int(11) NOT NULL AUTO_INCREMENT,
  `id_user` int(5) NOT NULL,
  `aktivitas` text NOT NULL,
  `tanggal` date NOT NULL,
  `waktu` time NOT NULL,
  PRIMARY KEY (`id_log`)
) ENGINE=InnoDB  DEFAULT CHARSET=latin1 AUTO_INCREMENT=254 ;

--
-- Dumping data for table `log_aktivitas`
--

INSERT INTO `log_aktivitas` (`id_log`, `id_user`, `aktivitas`, `tanggal`, `waktu`) VALUES
(1, 1, 'Login ke panel admin', '2017-01-13', '22:54:48'),
(2, 1, 'Menambhakan pengguna baru', '2017-01-13', '22:56:22'),
(3, 1, 'Memblokir seorang pengguna (user)', '2017-01-13', '22:56:51'),
(4, 1, 'Mengaktifkan kembali seorang pengguna yang diblokir', '2017-01-13', '23:16:43'),
(5, 1, 'Meninggalkan halaman admin', '2017-01-13', '23:17:57'),
(6, 5, 'Login ke panel admin', '2017-01-13', '23:18:14'),
(7, 5, 'Meninggalkan halaman admin', '2017-01-13', '23:20:37'),
(8, 1, 'Login ke panel admin', '2017-01-13', '23:20:52'),
(9, 1, 'Meninggalkan halaman admin', '2017-01-13', '23:29:09'),
(10, 1, 'Masuk ke panel admin', '2017-01-15', '17:19:46'),
(11, 1, 'Mengubah sebuah artikel', '2017-01-15', '17:20:49'),
(12, 1, 'Mengubah sebuah artikel', '2017-01-15', '17:21:36'),
(13, 1, 'Masuk ke panel admin', '2017-09-18', '12:01:02'),
(14, 1, 'Memperbaharui main menu', '2017-09-18', '12:03:14'),
(15, 1, 'Meninggalkan halaman admin', '2017-09-18', '12:05:00'),
(16, 1, 'Masuk ke panel admin', '2017-09-27', '09:42:49'),
(17, 1, 'Masuk ke panel admin', '2018-03-02', '19:20:20'),
(18, 1, 'Menambahkan module baru', '2018-03-02', '19:44:42'),
(19, 1, 'Mengubah suatu module', '2018-03-02', '19:57:07'),
(20, 1, 'Menambah data golongan', '2018-03-02', '20:16:14'),
(21, 1, 'Menghapus golongan ', '2018-03-02', '20:16:51'),
(22, 1, 'Menambah data golongan', '2018-03-02', '20:17:11'),
(23, 1, 'Mengubah data golongan', '2018-03-02', '20:18:04'),
(24, 1, 'Mengubah data golongan', '2018-03-02', '20:18:52'),
(25, 1, 'Menambah data golongan', '2018-03-02', '20:19:27'),
(26, 1, 'Masuk ke panel admin', '2018-03-02', '23:09:10'),
(27, 1, 'Menambahkan module baru', '2018-03-02', '23:20:38'),
(28, 1, 'Menambah data golongan', '2018-03-02', '23:34:22'),
(29, 1, 'Menambah data golongan', '2018-03-02', '23:37:00'),
(30, 1, 'Menambah data jabatan', '2018-03-02', '23:42:25'),
(31, 1, 'Mengubah data golongan', '2018-03-02', '23:47:06'),
(32, 1, 'Menghapus golongan ', '2018-03-02', '23:47:40'),
(33, 1, 'Menambah data golongan', '2018-03-02', '23:49:50'),
(34, 1, 'Mengubah data jabatan', '2018-03-02', '23:50:09'),
(35, 1, 'Mengubah data jabatan', '2018-03-02', '23:50:22'),
(36, 1, 'Menambahkan module baru', '2018-03-02', '23:55:33'),
(37, 1, 'Menghapus module', '2018-03-03', '00:08:08'),
(38, 1, 'Menghapus module', '2018-03-03', '00:08:18'),
(39, 1, 'Menghapus module', '2018-03-03', '00:08:25'),
(40, 1, 'Menghapus module', '2018-03-03', '00:08:32'),
(41, 1, 'Menghapus module', '2018-03-03', '00:08:36'),
(42, 1, 'Mengubah parent module', '2018-03-03', '00:16:02'),
(43, 1, 'Menghapus module', '2018-03-03', '00:21:26'),
(44, 1, 'Menghapus module', '2018-03-03', '00:21:31'),
(45, 1, 'Menghapus module', '2018-03-03', '00:21:42'),
(46, 1, 'Menghapus module', '2018-03-03', '00:21:50'),
(47, 1, 'Masuk ke panel admin', '2018-03-03', '18:38:27'),
(48, 1, 'Masuk ke panel admin', '2018-03-05', '20:56:04'),
(49, 1, 'Menambahkan kantor baru', '2018-03-05', '21:53:39'),
(50, 1, 'Menghapus kantor', '2018-03-05', '22:07:12'),
(51, 1, 'Menambahkan kantor baru', '2018-03-05', '22:07:46'),
(52, 1, 'Mengubah kantor baru', '2018-03-05', '22:19:33'),
(53, 1, 'Mengubah kantor baru', '2018-03-05', '22:19:59'),
(54, 1, 'Meninggalkan halaman admin', '2018-03-05', '22:36:31'),
(55, 1, 'Masuk ke panel admin', '2018-03-06', '20:21:06'),
(56, 1, 'Menambahkan module baru', '2018-03-06', '20:22:20'),
(57, 1, 'Mengubah suatu module', '2018-03-06', '20:27:26'),
(58, 1, 'Mengubah suatu module', '2018-03-06', '20:27:47'),
(59, 1, 'Menghapus module', '2018-03-06', '20:28:03'),
(60, 1, 'Menghapus module', '2018-03-06', '20:28:11'),
(61, 1, 'Menghapus module', '2018-03-06', '20:28:18'),
(62, 1, 'Masuk ke panel admin', '2018-03-06', '20:52:59'),
(63, 1, 'Menambhakan karyawan baru', '2018-03-06', '21:10:02'),
(64, 1, 'Menghapus seorang karyawan', '2018-03-06', '21:14:18'),
(65, 1, 'Menambhakan karyawan baru', '2018-03-06', '21:17:04'),
(66, 1, 'Menghapus seorang karyawan', '2018-03-06', '21:17:55'),
(67, 1, 'Meninggalkan halaman admin', '2018-03-06', '21:21:54'),
(68, 1, 'Masuk ke panel admin', '2018-03-07', '20:06:33'),
(69, 1, 'Menghapus seorang karyawan', '2018-03-07', '20:08:23'),
(70, 1, 'Menambhakan karyawan baru', '2018-03-07', '20:14:17'),
(71, 1, 'Menghapus seorang karyawan', '2018-03-07', '20:16:45'),
(72, 1, 'Menambhakan karyawan baru', '2018-03-07', '20:21:24'),
(73, 1, 'Menghapus seorang karyawan', '2018-03-07', '20:24:37'),
(74, 1, 'Menambhakan karyawan baru', '2018-03-07', '20:25:55'),
(75, 1, 'Menghapus seorang karyawan', '2018-03-07', '20:27:03'),
(76, 1, 'Menambhakan karyawan baru', '2018-03-07', '20:28:10'),
(77, 1, 'Menambhakan karyawan baru', '2018-03-07', '20:40:36'),
(78, 1, 'Menghapus seorang karyawan', '2018-03-07', '20:44:50'),
(79, 1, 'Menambhakan karyawan baru', '2018-03-07', '20:45:38'),
(80, 1, 'Menghapus seorang karyawan', '2018-03-07', '21:00:49'),
(81, 1, 'Menambhakan karyawan baru', '2018-03-07', '21:01:38'),
(82, 1, 'Menghapus seorang karyawan', '2018-03-07', '21:03:40'),
(83, 1, 'Menambahkan karyawan baru', '2018-03-07', '21:04:46'),
(84, 1, 'Menghapus seorang karyawan', '2018-03-07', '21:05:57'),
(85, 1, 'Masuk ke panel admin', '2018-03-08', '20:27:03'),
(86, 1, 'Menambhakan karyawan baru', '2018-03-08', '20:45:10'),
(87, 1, 'Mengubah data karyawan', '2018-03-08', '21:17:48'),
(88, 1, 'Mengubah data karyawan', '2018-03-08', '21:18:55'),
(89, 1, 'Mengubah data karyawan', '2018-03-08', '21:21:09'),
(90, 1, 'Mengubah data karyawan', '2018-03-08', '21:21:44'),
(91, 1, 'Mengubah data karyawan', '2018-03-08', '21:22:32'),
(92, 1, 'Menghapus module', '2018-03-08', '21:23:40'),
(93, 1, 'Menambahkan module baru', '2018-03-08', '21:29:14'),
(94, 1, 'Menghapus module', '2018-03-08', '21:29:33'),
(95, 1, 'Mengubah suatu module', '2018-03-08', '21:32:32'),
(96, 1, 'Mengubah suatu module', '2018-03-08', '21:32:53'),
(97, 1, 'Mengubah parent module', '2018-03-08', '21:37:05'),
(98, 1, 'Mengubah parent module', '2018-03-08', '21:38:55'),
(99, 1, 'Mengubah parent module', '2018-03-08', '21:39:38'),
(100, 1, 'Mengubah suatu module', '2018-03-08', '21:40:24'),
(101, 1, 'Masuk ke panel admin', '2018-03-10', '20:57:31'),
(102, 1, 'Menambah data golongan', '2018-03-10', '21:05:56'),
(103, 1, 'Menambah data golongan', '2018-03-10', '21:06:08'),
(104, 1, 'Menambah data golongan', '2018-03-10', '21:06:22'),
(105, 1, 'Menambah data golongan', '2018-03-10', '21:06:37'),
(106, 1, 'Menambah data golongan', '2018-03-10', '21:06:51'),
(107, 1, 'Menambah data golongan', '2018-03-10', '21:07:07'),
(108, 1, 'Mengubah data golongan', '2018-03-10', '21:08:04'),
(109, 1, 'Mengubah data golongan', '2018-03-10', '21:08:38'),
(110, 1, 'Mengubah data golongan', '2018-03-10', '21:08:50'),
(111, 1, 'Mengubah data golongan', '2018-03-10', '21:08:59'),
(112, 1, 'Mengubah data golongan', '2018-03-10', '21:09:30'),
(113, 1, 'Mengubah data golongan', '2018-03-10', '21:09:39'),
(114, 1, 'Mengubah data golongan', '2018-03-10', '21:09:47'),
(115, 1, 'Mengubah data golongan', '2018-03-10', '21:09:57'),
(116, 1, 'Mengubah data golongan', '2018-03-10', '21:10:06'),
(117, 1, 'Menambah data jabatan', '2018-03-10', '21:11:58'),
(118, 1, 'Menghapus jabatan ', '2018-03-10', '21:12:02'),
(119, 1, 'Menambah data jabatan', '2018-03-10', '21:12:47'),
(120, 1, 'Menambah data jabatan', '2018-03-10', '21:13:03'),
(121, 1, 'Menambah data jabatan', '2018-03-10', '21:13:16'),
(122, 1, 'Menambah data jabatan', '2018-03-10', '21:13:31'),
(123, 1, 'Menambah data jabatan', '2018-03-10', '21:13:47'),
(124, 1, 'Menambah data jabatan', '2018-03-10', '21:14:01'),
(125, 1, 'Menambah data jabatan', '2018-03-10', '21:14:14'),
(126, 1, 'Menambah data jabatan', '2018-03-10', '21:14:22'),
(127, 1, 'Menghapus kantor', '2018-03-10', '21:15:30'),
(128, 1, 'Menambahkan kantor baru', '2018-03-10', '21:16:16'),
(129, 1, 'Menambahkan kantor baru', '2018-03-10', '21:17:21'),
(130, 1, 'Menambahkan kantor baru', '2018-03-10', '21:17:58'),
(131, 1, 'Menambahkan kantor baru', '2018-03-10', '21:18:32'),
(132, 1, 'Menambahkan kantor baru', '2018-03-10', '21:19:20'),
(133, 1, 'Menambhakan karyawan baru', '2018-03-10', '21:21:28'),
(134, 1, 'Menambhakan karyawan baru', '2018-03-10', '21:24:15'),
(135, 1, 'Mengubah data karyawan', '2018-03-10', '21:25:13'),
(136, 1, 'Menambahkan karyawan baru', '2018-03-10', '21:26:29'),
(137, 1, 'Mengubah kantor baru', '2018-03-10', '21:37:00'),
(138, 1, 'Mengubah kantor baru', '2018-03-10', '21:39:21'),
(139, 1, 'Meninggalkan halaman admin', '2018-03-10', '21:40:22'),
(140, 6, 'Masuk ke panel admin', '2018-03-10', '21:40:31'),
(141, 6, 'Meninggalkan halaman admin', '2018-03-10', '21:44:57'),
(142, 6, 'Masuk ke panel admin', '2018-03-10', '21:45:05'),
(143, 6, 'Meninggalkan halaman admin', '2018-03-10', '21:48:26'),
(144, 1, 'Masuk ke panel admin', '2018-03-10', '21:48:32'),
(145, 1, 'Me-non aktifkan suatu hak akses', '2018-03-10', '21:50:02'),
(146, 1, 'Me-non aktifkan suatu hak akses', '2018-03-10', '21:50:12'),
(147, 1, 'Meninggalkan halaman admin', '2018-03-10', '21:50:28'),
(148, 1, 'Masuk ke panel admin', '2018-03-10', '21:50:38'),
(149, 1, 'Meninggalkan halaman admin', '2018-03-10', '21:51:36'),
(150, 6, 'Masuk ke panel admin', '2018-03-10', '21:51:44'),
(151, 6, 'Meninggalkan halaman admin', '2018-03-10', '22:06:13'),
(152, 1, 'Masuk ke panel admin', '2018-03-10', '22:06:20'),
(153, 1, 'Meninggalkan halaman admin', '2018-03-10', '22:13:09'),
(154, 8, 'Masuk ke panel admin', '2018-03-10', '22:13:16'),
(155, 8, 'Meninggalkan halaman admin', '2018-03-10', '22:17:50'),
(156, 6, 'Masuk ke panel admin', '2018-03-10', '22:18:03'),
(157, 6, 'Meninggalkan halaman admin', '2018-03-10', '22:18:07'),
(158, 1, 'Masuk ke panel admin', '2018-03-10', '22:18:15'),
(159, 1, 'Mengaktifkan suatu hak akses', '2018-03-10', '22:18:55'),
(160, 1, 'Mengelola hak akses user (user role)', '2018-03-10', '22:19:12'),
(161, 1, 'Meninggalkan halaman admin', '2018-03-10', '22:19:24'),
(162, 6, 'Masuk ke panel admin', '2018-03-10', '22:19:31'),
(163, 6, 'Meninggalkan halaman admin', '2018-03-10', '22:40:03'),
(164, 6, 'Masuk ke panel admin', '2018-03-10', '22:40:11'),
(165, 6, 'Meninggalkan halaman admin', '2018-03-10', '22:46:13'),
(166, 8, 'Masuk ke panel admin', '2018-03-10', '22:46:18'),
(167, 8, 'Meninggalkan halaman admin', '2018-03-10', '22:53:01'),
(168, 6, 'Masuk ke panel admin', '2018-03-10', '22:53:09'),
(169, 6, 'Meninggalkan halaman admin', '2018-03-10', '22:53:17'),
(170, 1, 'Masuk ke panel admin', '2018-03-10', '22:53:24'),
(171, 1, 'Mengelola hak akses user (user role)', '2018-03-10', '22:54:27'),
(172, 1, 'Menambahkan module baru', '2018-03-10', '23:07:02'),
(173, 1, 'Mengelola hak akses user (user role)', '2018-03-10', '23:53:59'),
(174, 1, 'Meninggalkan halaman admin', '2018-03-10', '23:54:06'),
(175, 6, 'Masuk ke panel admin', '2018-03-10', '23:54:16'),
(176, 6, 'Meninggalkan halaman admin', '2018-03-11', '01:32:34'),
(177, 7, 'Masuk ke panel admin', '2018-03-11', '01:32:42'),
(178, 7, 'Mengajukan klaim baru', '2018-03-11', '01:47:41'),
(179, 7, 'Mengajukan klaim baru', '2018-03-11', '01:50:12'),
(180, 7, 'Mengajukan klaim baru', '2018-03-11', '01:52:46'),
(181, 7, 'Mengajukan klaim baru', '2018-03-11', '01:58:06'),
(182, 7, 'Mengajukan klaim baru', '2018-03-11', '02:07:58'),
(183, 7, 'Mengajukan klaim baru', '2018-03-11', '02:11:16'),
(184, 7, 'Mengajukan klaim baru', '2018-03-11', '02:12:22'),
(185, 7, 'Mengajukan klaim baru', '2018-03-11', '02:33:14'),
(186, 7, 'Mengajukan klaim baru', '2018-03-11', '02:33:42'),
(187, 7, 'Meninggalkan halaman admin', '2018-03-11', '02:51:36'),
(188, 6, 'Masuk ke panel admin', '2018-03-11', '02:51:44'),
(189, 6, 'Meninggalkan halaman admin', '2018-03-11', '03:03:07'),
(190, 7, 'Masuk ke panel admin', '2018-03-11', '03:03:21'),
(191, 7, 'Meninggalkan halaman admin', '2018-03-11', '03:03:44'),
(192, 1, 'Masuk ke panel admin', '2018-03-11', '20:36:22'),
(193, 1, 'Meninggalkan halaman admin', '2018-03-11', '20:36:59'),
(194, 6, 'Masuk ke panel admin', '2018-03-11', '20:37:09'),
(195, 6, 'Masuk ke panel admin', '2018-03-11', '20:57:11'),
(196, 6, 'Meninggalkan halaman admin', '2018-03-11', '23:01:29'),
(197, 1, 'Masuk ke panel admin', '2018-03-12', '22:08:57'),
(198, 1, 'Meninggalkan halaman admin', '2018-03-12', '22:14:01'),
(199, 6, 'Masuk ke panel admin', '2018-03-12', '22:14:12'),
(200, 6, 'Meninggalkan halaman admin', '2018-03-12', '22:15:00'),
(201, 7, 'Masuk ke panel admin', '2018-03-12', '22:15:11'),
(202, 7, 'Meninggalkan halaman admin', '2018-03-12', '22:17:17'),
(203, 1, 'Masuk ke panel admin', '2018-03-12', '22:17:36'),
(204, 1, 'Meninggalkan halaman admin', '2018-03-12', '22:17:50'),
(205, 6, 'Masuk ke panel admin', '2018-03-12', '22:18:00'),
(206, 6, 'Meninggalkan halaman admin', '2018-03-12', '22:23:38'),
(207, 1, 'Masuk ke panel admin', '2018-03-12', '22:23:51'),
(208, 1, 'Meninggalkan halaman admin', '2018-03-12', '22:29:29'),
(209, 6, 'Masuk ke panel admin', '2018-03-12', '22:29:41'),
(210, 6, 'Meninggalkan halaman admin', '2018-03-12', '22:54:14'),
(211, 1, 'Masuk ke panel admin', '2018-03-13', '20:58:05'),
(212, 1, 'Meninggalkan halaman admin', '2018-03-13', '21:37:16'),
(213, 6, 'Masuk ke panel admin', '2018-03-13', '21:37:23'),
(214, 6, 'Meninggalkan halaman admin', '2018-03-13', '21:39:09'),
(215, 1, 'Masuk ke panel admin', '2018-03-13', '21:39:16'),
(216, 1, 'Meninggalkan halaman admin', '2018-03-13', '21:50:58'),
(217, 6, 'Masuk ke panel admin', '2018-03-13', '21:51:06'),
(218, 6, 'Merespon permintaan klaim', '2018-03-13', '22:24:48'),
(219, 6, 'Merespon permintaan klaim', '2018-03-13', '22:25:10'),
(220, 6, 'Merespon permintaan klaim', '2018-03-13', '22:25:51'),
(221, 6, 'Meninggalkan halaman admin', '2018-03-13', '22:30:19'),
(222, 1, 'Masuk ke panel admin', '2018-03-13', '22:30:27'),
(223, 1, 'Merespon permintaan klaim', '2018-03-13', '22:45:47'),
(224, 1, 'Merespon permintaan klaim', '2018-03-13', '22:46:32'),
(225, 1, 'Merespon permintaan klaim', '2018-03-13', '23:10:12'),
(226, 1, 'Meninggalkan halaman admin', '2018-03-13', '23:10:23'),
(227, 6, 'Masuk ke panel admin', '2018-03-13', '23:10:31'),
(228, 6, 'Merespon permintaan klaim', '2018-03-13', '23:10:40'),
(229, 6, 'Meninggalkan halaman admin', '2018-03-13', '23:16:23'),
(230, 1, 'Masuk ke panel admin', '2018-03-13', '23:16:29'),
(231, 1, 'Merespon permintaan klaim', '2018-03-13', '23:16:44'),
(232, 1, 'Meninggalkan halaman admin', '2018-03-13', '23:20:09'),
(233, 7, 'Masuk ke panel admin', '2018-03-13', '23:20:18'),
(234, 7, 'Meninggalkan halaman admin', '2018-03-13', '23:21:21'),
(235, 8, 'Masuk ke panel admin', '2018-03-13', '23:21:32'),
(236, 8, 'Meninggalkan halaman admin', '2018-03-13', '23:22:27'),
(237, 1, 'Masuk ke panel admin', '2018-03-14', '20:32:54'),
(238, 1, 'Meninggalkan halaman admin', '2018-03-14', '20:33:28'),
(239, 7, 'Masuk ke panel admin', '2018-03-14', '20:33:41'),
(240, 7, 'Meninggalkan halaman admin', '2018-03-14', '21:02:10'),
(241, 6, 'Masuk ke panel admin', '2018-03-14', '21:02:16'),
(242, 6, 'Meninggalkan halaman admin', '2018-03-14', '21:30:20'),
(243, 7, 'Masuk ke panel admin', '2018-03-14', '21:30:28'),
(244, 7, 'Meninggalkan halaman admin', '2018-03-14', '21:32:32'),
(245, 6, 'Masuk ke panel admin', '2018-03-14', '21:38:07'),
(246, 6, 'Merespon permintaan klaim', '2018-03-14', '22:08:16'),
(247, 6, 'Merespon permintaan klaim', '2018-03-14', '22:09:22'),
(248, 6, 'Meninggalkan halaman admin', '2018-03-14', '22:13:21'),
(249, 1, 'Masuk ke panel admin', '2018-03-14', '22:13:29'),
(250, 1, 'Meninggalkan halaman admin', '2018-03-14', '22:24:07'),
(251, 6, 'Masuk ke panel admin', '2018-03-14', '22:24:14'),
(252, 6, 'Merespon permintaan klaim', '2018-03-14', '22:24:30'),
(253, 6, 'Meninggalkan halaman admin', '2018-03-14', '22:32:05');

-- --------------------------------------------------------

--
-- Table structure for table `module`
--

CREATE TABLE IF NOT EXISTS `module` (
  `id_module` int(5) NOT NULL AUTO_INCREMENT,
  `parent_id` int(5) NOT NULL,
  `nama_module` char(200) NOT NULL,
  `icon` char(100) NOT NULL,
  `dir` char(200) NOT NULL,
  `url` char(200) NOT NULL,
  `ordering` int(5) NOT NULL,
  `tambah` char(1) NOT NULL DEFAULT 'N',
  `baca` char(1) NOT NULL DEFAULT 'N',
  `edit` char(1) NOT NULL DEFAULT 'N',
  `hapus` char(1) NOT NULL DEFAULT 'N',
  PRIMARY KEY (`id_module`)
) ENGINE=InnoDB  DEFAULT CHARSET=latin1 AUTO_INCREMENT=39 ;

--
-- Dumping data for table `module`
--

INSERT INTO `module` (`id_module`, `parent_id`, `nama_module`, `icon`, `dir`, `url`, `ordering`, `tambah`, `baca`, `edit`, `hapus`) VALUES
(1, 0, 'Master', 'icon-list-alt', '', '954746130', 0, 'Y', 'Y', 'Y', 'Y'),
(2, 0, 'Setting', 'icon-cog', '', '305525640', 14, 'N', 'N', 'N', 'N'),
(8, 2, 'Module', 'icon-th-large', 'mod_module', 'module', 17, 'N', 'N', 'N', 'N'),
(11, 2, 'User Role', 'icon-lock', 'mod_role', 'role', 0, 'N', 'N', 'N', 'N'),
(15, 0, 'Transaksi', 'icon-check', '#', '178452796', 7, 'Y', 'Y', 'Y', 'Y'),
(32, 2, 'List User', 'icon-user', 'mod_user/mod_users', 'list_user', 0, 'N', 'N', 'N', 'N'),
(33, 1, 'Golongan', 'icon-th-list', 'mod_golongan', 'golongan', 0, 'N', 'N', 'N', 'N'),
(34, 1, 'Jabatan', 'icon-signal', 'mod_jabatan', 'jabatan', 0, 'N', 'N', 'N', 'N'),
(35, 1, 'Kantor', 'icon-home', 'mod_kantor', 'kantor', 0, 'N', 'N', 'N', 'N'),
(37, 1, 'Karyawan', 'icon-user', 'mod_karyawan', 'karyawan', 0, '', 'Y', '', ''),
(38, 15, 'Klaim', 'icon-qrcode', 'mod_klaim', 'klaim', 0, 'Y', 'Y', 'Y', 'Y');

-- --------------------------------------------------------

--
-- Table structure for table `provinces`
--

CREATE TABLE IF NOT EXISTS `provinces` (
  `id` char(2) COLLATE utf8_unicode_ci NOT NULL,
  `name` varchar(255) COLLATE utf8_unicode_ci NOT NULL,
  PRIMARY KEY (`id`)
) ENGINE=InnoDB DEFAULT CHARSET=utf8 COLLATE=utf8_unicode_ci;

--
-- Dumping data for table `provinces`
--

INSERT INTO `provinces` (`id`, `name`) VALUES
('11', 'ACEH'),
('12', 'SUMATERA UTARA'),
('13', 'SUMATERA BARAT'),
('14', 'RIAU'),
('15', 'JAMBI'),
('16', 'SUMATERA SELATAN'),
('17', 'BENGKULU'),
('18', 'LAMPUNG'),
('19', 'KEPULAUAN BANGKA BELITUNG'),
('21', 'KEPULAUAN RIAU'),
('31', 'DKI JAKARTA'),
('32', 'JAWA BARAT'),
('33', 'JAWA TENGAH'),
('34', 'DI YOGYAKARTA'),
('35', 'JAWA TIMUR'),
('36', 'BANTEN'),
('51', 'BALI'),
('52', 'NUSA TENGGARA BARAT'),
('53', 'NUSA TENGGARA TIMUR'),
('61', 'KALIMANTAN BARAT'),
('62', 'KALIMANTAN TENGAH'),
('63', 'KALIMANTAN SELATAN'),
('64', 'KALIMANTAN TIMUR'),
('65', 'KALIMANTAN UTARA'),
('71', 'SULAWESI UTARA'),
('72', 'SULAWESI TENGAH'),
('73', 'SULAWESI SELATAN'),
('74', 'SULAWESI TENGGARA'),
('75', 'GORONTALO'),
('76', 'SULAWESI BARAT'),
('81', 'MALUKU'),
('82', 'MALUKU UTARA'),
('91', 'PAPUA BARAT'),
('94', 'PAPUA');

-- --------------------------------------------------------

--
-- Table structure for table `regencies`
--

CREATE TABLE IF NOT EXISTS `regencies` (
  `id` char(4) COLLATE utf8_unicode_ci NOT NULL,
  `province_id` char(2) COLLATE utf8_unicode_ci NOT NULL,
  `name` varchar(255) COLLATE utf8_unicode_ci NOT NULL,
  PRIMARY KEY (`id`),
  KEY `regencies_province_id_index` (`province_id`),
  KEY `province_id` (`province_id`)
) ENGINE=InnoDB DEFAULT CHARSET=utf8 COLLATE=utf8_unicode_ci;

--
-- Dumping data for table `regencies`
--

INSERT INTO `regencies` (`id`, `province_id`, `name`) VALUES
('1101', '11', 'KABUPATEN SIMEULUE'),
('1102', '11', 'KABUPATEN ACEH SINGKIL'),
('1103', '11', 'KABUPATEN ACEH SELATAN'),
('1104', '11', 'KABUPATEN ACEH TENGGARA'),
('1105', '11', 'KABUPATEN ACEH TIMUR'),
('1106', '11', 'KABUPATEN ACEH TENGAH'),
('1107', '11', 'KABUPATEN ACEH BARAT'),
('1108', '11', 'KABUPATEN ACEH BESAR'),
('1109', '11', 'KABUPATEN PIDIE'),
('1110', '11', 'KABUPATEN BIREUEN'),
('1111', '11', 'KABUPATEN ACEH UTARA'),
('1112', '11', 'KABUPATEN ACEH BARAT DAYA'),
('1113', '11', 'KABUPATEN GAYO LUES'),
('1114', '11', 'KABUPATEN ACEH TAMIANG'),
('1115', '11', 'KABUPATEN NAGAN RAYA'),
('1116', '11', 'KABUPATEN ACEH JAYA'),
('1117', '11', 'KABUPATEN BENER MERIAH'),
('1118', '11', 'KABUPATEN PIDIE JAYA'),
('1171', '11', 'KOTA BANDA ACEH'),
('1172', '11', 'KOTA SABANG'),
('1173', '11', 'KOTA LANGSA'),
('1174', '11', 'KOTA LHOKSEUMAWE'),
('1175', '11', 'KOTA SUBULUSSALAM'),
('1201', '12', 'KABUPATEN NIAS'),
('1202', '12', 'KABUPATEN MANDAILING NATAL'),
('1203', '12', 'KABUPATEN TAPANULI SELATAN'),
('1204', '12', 'KABUPATEN TAPANULI TENGAH'),
('1205', '12', 'KABUPATEN TAPANULI UTARA'),
('1206', '12', 'KABUPATEN TOBA SAMOSIR'),
('1207', '12', 'KABUPATEN LABUHAN BATU'),
('1208', '12', 'KABUPATEN ASAHAN'),
('1209', '12', 'KABUPATEN SIMALUNGUN'),
('1210', '12', 'KABUPATEN DAIRI'),
('1211', '12', 'KABUPATEN KARO'),
('1212', '12', 'KABUPATEN DELI SERDANG'),
('1213', '12', 'KABUPATEN LANGKAT'),
('1214', '12', 'KABUPATEN NIAS SELATAN'),
('1215', '12', 'KABUPATEN HUMBANG HASUNDUTAN'),
('1216', '12', 'KABUPATEN PAKPAK BHARAT'),
('1217', '12', 'KABUPATEN SAMOSIR'),
('1218', '12', 'KABUPATEN SERDANG BEDAGAI'),
('1219', '12', 'KABUPATEN BATU BARA'),
('1220', '12', 'KABUPATEN PADANG LAWAS UTARA'),
('1221', '12', 'KABUPATEN PADANG LAWAS'),
('1222', '12', 'KABUPATEN LABUHAN BATU SELATAN'),
('1223', '12', 'KABUPATEN LABUHAN BATU UTARA'),
('1224', '12', 'KABUPATEN NIAS UTARA'),
('1225', '12', 'KABUPATEN NIAS BARAT'),
('1271', '12', 'KOTA SIBOLGA'),
('1272', '12', 'KOTA TANJUNG BALAI'),
('1273', '12', 'KOTA PEMATANG SIANTAR'),
('1274', '12', 'KOTA TEBING TINGGI'),
('1275', '12', 'KOTA MEDAN'),
('1276', '12', 'KOTA BINJAI'),
('1277', '12', 'KOTA PADANGSIDIMPUAN'),
('1278', '12', 'KOTA GUNUNGSITOLI'),
('1301', '13', 'KABUPATEN KEPULAUAN MENTAWAI'),
('1302', '13', 'KABUPATEN PESISIR SELATAN'),
('1303', '13', 'KABUPATEN SOLOK'),
('1304', '13', 'KABUPATEN SIJUNJUNG'),
('1305', '13', 'KABUPATEN TANAH DATAR'),
('1306', '13', 'KABUPATEN PADANG PARIAMAN'),
('1307', '13', 'KABUPATEN AGAM'),
('1308', '13', 'KABUPATEN LIMA PULUH KOTA'),
('1309', '13', 'KABUPATEN PASAMAN'),
('1310', '13', 'KABUPATEN SOLOK SELATAN'),
('1311', '13', 'KABUPATEN DHARMASRAYA'),
('1312', '13', 'KABUPATEN PASAMAN BARAT'),
('1371', '13', 'KOTA PADANG'),
('1372', '13', 'KOTA SOLOK'),
('1373', '13', 'KOTA SAWAH LUNTO'),
('1374', '13', 'KOTA PADANG PANJANG'),
('1375', '13', 'KOTA BUKITTINGGI'),
('1376', '13', 'KOTA PAYAKUMBUH'),
('1377', '13', 'KOTA PARIAMAN'),
('1401', '14', 'KABUPATEN KUANTAN SINGINGI'),
('1402', '14', 'KABUPATEN INDRAGIRI HULU'),
('1403', '14', 'KABUPATEN INDRAGIRI HILIR'),
('1404', '14', 'KABUPATEN PELALAWAN'),
('1405', '14', 'KABUPATEN S I A K'),
('1406', '14', 'KABUPATEN KAMPAR'),
('1407', '14', 'KABUPATEN ROKAN HULU'),
('1408', '14', 'KABUPATEN BENGKALIS'),
('1409', '14', 'KABUPATEN ROKAN HILIR'),
('1410', '14', 'KABUPATEN KEPULAUAN MERANTI'),
('1471', '14', 'KOTA PEKANBARU'),
('1473', '14', 'KOTA D U M A I'),
('1501', '15', 'KABUPATEN KERINCI'),
('1502', '15', 'KABUPATEN MERANGIN'),
('1503', '15', 'KABUPATEN SAROLANGUN'),
('1504', '15', 'KABUPATEN BATANG HARI'),
('1505', '15', 'KABUPATEN MUARO JAMBI'),
('1506', '15', 'KABUPATEN TANJUNG JABUNG TIMUR'),
('1507', '15', 'KABUPATEN TANJUNG JABUNG BARAT'),
('1508', '15', 'KABUPATEN TEBO'),
('1509', '15', 'KABUPATEN BUNGO'),
('1571', '15', 'KOTA JAMBI'),
('1572', '15', 'KOTA SUNGAI PENUH'),
('1601', '16', 'KABUPATEN OGAN KOMERING ULU'),
('1602', '16', 'KABUPATEN OGAN KOMERING ILIR'),
('1603', '16', 'KABUPATEN MUARA ENIM'),
('1604', '16', 'KABUPATEN LAHAT'),
('1605', '16', 'KABUPATEN MUSI RAWAS'),
('1606', '16', 'KABUPATEN MUSI BANYUASIN'),
('1607', '16', 'KABUPATEN BANYU ASIN'),
('1608', '16', 'KABUPATEN OGAN KOMERING ULU SELATAN'),
('1609', '16', 'KABUPATEN OGAN KOMERING ULU TIMUR'),
('1610', '16', 'KABUPATEN OGAN ILIR'),
('1611', '16', 'KABUPATEN EMPAT LAWANG'),
('1612', '16', 'KABUPATEN PENUKAL ABAB LEMATANG ILIR'),
('1613', '16', 'KABUPATEN MUSI RAWAS UTARA'),
('1671', '16', 'KOTA PALEMBANG'),
('1672', '16', 'KOTA PRABUMULIH'),
('1673', '16', 'KOTA PAGAR ALAM'),
('1674', '16', 'KOTA LUBUKLINGGAU'),
('1701', '17', 'KABUPATEN BENGKULU SELATAN'),
('1702', '17', 'KABUPATEN REJANG LEBONG'),
('1703', '17', 'KABUPATEN BENGKULU UTARA'),
('1704', '17', 'KABUPATEN KAUR'),
('1705', '17', 'KABUPATEN SELUMA'),
('1706', '17', 'KABUPATEN MUKOMUKO'),
('1707', '17', 'KABUPATEN LEBONG'),
('1708', '17', 'KABUPATEN KEPAHIANG'),
('1709', '17', 'KABUPATEN BENGKULU TENGAH'),
('1771', '17', 'KOTA BENGKULU'),
('1801', '18', 'KABUPATEN LAMPUNG BARAT'),
('1802', '18', 'KABUPATEN TANGGAMUS'),
('1803', '18', 'KABUPATEN LAMPUNG SELATAN'),
('1804', '18', 'KABUPATEN LAMPUNG TIMUR'),
('1805', '18', 'KABUPATEN LAMPUNG TENGAH'),
('1806', '18', 'KABUPATEN LAMPUNG UTARA'),
('1807', '18', 'KABUPATEN WAY KANAN'),
('1808', '18', 'KABUPATEN TULANGBAWANG'),
('1809', '18', 'KABUPATEN PESAWARAN'),
('1810', '18', 'KABUPATEN PRINGSEWU'),
('1811', '18', 'KABUPATEN MESUJI'),
('1812', '18', 'KABUPATEN TULANG BAWANG BARAT'),
('1813', '18', 'KABUPATEN PESISIR BARAT'),
('1871', '18', 'KOTA BANDAR LAMPUNG'),
('1872', '18', 'KOTA METRO'),
('1901', '19', 'KABUPATEN BANGKA'),
('1902', '19', 'KABUPATEN BELITUNG'),
('1903', '19', 'KABUPATEN BANGKA BARAT'),
('1904', '19', 'KABUPATEN BANGKA TENGAH'),
('1905', '19', 'KABUPATEN BANGKA SELATAN'),
('1906', '19', 'KABUPATEN BELITUNG TIMUR'),
('1971', '19', 'KOTA PANGKAL PINANG'),
('2101', '21', 'KABUPATEN KARIMUN'),
('2102', '21', 'KABUPATEN BINTAN'),
('2103', '21', 'KABUPATEN NATUNA'),
('2104', '21', 'KABUPATEN LINGGA'),
('2105', '21', 'KABUPATEN KEPULAUAN ANAMBAS'),
('2171', '21', 'KOTA B A T A M'),
('2172', '21', 'KOTA TANJUNG PINANG'),
('3101', '31', 'KABUPATEN KEPULAUAN SERIBU'),
('3171', '31', 'KOTA JAKARTA SELATAN'),
('3172', '31', 'KOTA JAKARTA TIMUR'),
('3173', '31', 'KOTA JAKARTA PUSAT'),
('3174', '31', 'KOTA JAKARTA BARAT'),
('3175', '31', 'KOTA JAKARTA UTARA'),
('3201', '32', 'KABUPATEN BOGOR'),
('3202', '32', 'KABUPATEN SUKABUMI'),
('3203', '32', 'KABUPATEN CIANJUR'),
('3204', '32', 'KABUPATEN BANDUNG'),
('3205', '32', 'KABUPATEN GARUT'),
('3206', '32', 'KABUPATEN TASIKMALAYA'),
('3207', '32', 'KABUPATEN CIAMIS'),
('3208', '32', 'KABUPATEN KUNINGAN'),
('3209', '32', 'KABUPATEN CIREBON'),
('3210', '32', 'KABUPATEN MAJALENGKA'),
('3211', '32', 'KABUPATEN SUMEDANG'),
('3212', '32', 'KABUPATEN INDRAMAYU'),
('3213', '32', 'KABUPATEN SUBANG'),
('3214', '32', 'KABUPATEN PURWAKARTA'),
('3215', '32', 'KABUPATEN KARAWANG'),
('3216', '32', 'KABUPATEN BEKASI'),
('3217', '32', 'KABUPATEN BANDUNG BARAT'),
('3218', '32', 'KABUPATEN PANGANDARAN'),
('3271', '32', 'KOTA BOGOR'),
('3272', '32', 'KOTA SUKABUMI'),
('3273', '32', 'KOTA BANDUNG'),
('3274', '32', 'KOTA CIREBON'),
('3275', '32', 'KOTA BEKASI'),
('3276', '32', 'KOTA DEPOK'),
('3277', '32', 'KOTA CIMAHI'),
('3278', '32', 'KOTA TASIKMALAYA'),
('3279', '32', 'KOTA BANJAR'),
('3301', '33', 'KABUPATEN CILACAP'),
('3302', '33', 'KABUPATEN BANYUMAS'),
('3303', '33', 'KABUPATEN PURBALINGGA'),
('3304', '33', 'KABUPATEN BANJARNEGARA'),
('3305', '33', 'KABUPATEN KEBUMEN'),
('3306', '33', 'KABUPATEN PURWOREJO'),
('3307', '33', 'KABUPATEN WONOSOBO'),
('3308', '33', 'KABUPATEN MAGELANG'),
('3309', '33', 'KABUPATEN BOYOLALI'),
('3310', '33', 'KABUPATEN KLATEN'),
('3311', '33', 'KABUPATEN SUKOHARJO'),
('3312', '33', 'KABUPATEN WONOGIRI'),
('3313', '33', 'KABUPATEN KARANGANYAR'),
('3314', '33', 'KABUPATEN SRAGEN'),
('3315', '33', 'KABUPATEN GROBOGAN'),
('3316', '33', 'KABUPATEN BLORA'),
('3317', '33', 'KABUPATEN REMBANG'),
('3318', '33', 'KABUPATEN PATI'),
('3319', '33', 'KABUPATEN KUDUS'),
('3320', '33', 'KABUPATEN JEPARA'),
('3321', '33', 'KABUPATEN DEMAK'),
('3322', '33', 'KABUPATEN SEMARANG'),
('3323', '33', 'KABUPATEN TEMANGGUNG'),
('3324', '33', 'KABUPATEN KENDAL'),
('3325', '33', 'KABUPATEN BATANG'),
('3326', '33', 'KABUPATEN PEKALONGAN'),
('3327', '33', 'KABUPATEN PEMALANG'),
('3328', '33', 'KABUPATEN TEGAL'),
('3329', '33', 'KABUPATEN BREBES'),
('3371', '33', 'KOTA MAGELANG'),
('3372', '33', 'KOTA SURAKARTA'),
('3373', '33', 'KOTA SALATIGA'),
('3374', '33', 'KOTA SEMARANG'),
('3375', '33', 'KOTA PEKALONGAN'),
('3376', '33', 'KOTA TEGAL'),
('3401', '34', 'KABUPATEN KULON PROGO'),
('3402', '34', 'KABUPATEN BANTUL'),
('3403', '34', 'KABUPATEN GUNUNG KIDUL'),
('3404', '34', 'KABUPATEN SLEMAN'),
('3471', '34', 'KOTA YOGYAKARTA'),
('3501', '35', 'KABUPATEN PACITAN'),
('3502', '35', 'KABUPATEN PONOROGO'),
('3503', '35', 'KABUPATEN TRENGGALEK'),
('3504', '35', 'KABUPATEN TULUNGAGUNG'),
('3505', '35', 'KABUPATEN BLITAR'),
('3506', '35', 'KABUPATEN KEDIRI'),
('3507', '35', 'KABUPATEN MALANG'),
('3508', '35', 'KABUPATEN LUMAJANG'),
('3509', '35', 'KABUPATEN JEMBER'),
('3510', '35', 'KABUPATEN BANYUWANGI'),
('3511', '35', 'KABUPATEN BONDOWOSO'),
('3512', '35', 'KABUPATEN SITUBONDO'),
('3513', '35', 'KABUPATEN PROBOLINGGO'),
('3514', '35', 'KABUPATEN PASURUAN'),
('3515', '35', 'KABUPATEN SIDOARJO'),
('3516', '35', 'KABUPATEN MOJOKERTO'),
('3517', '35', 'KABUPATEN JOMBANG'),
('3518', '35', 'KABUPATEN NGANJUK'),
('3519', '35', 'KABUPATEN MADIUN'),
('3520', '35', 'KABUPATEN MAGETAN'),
('3521', '35', 'KABUPATEN NGAWI'),
('3522', '35', 'KABUPATEN BOJONEGORO'),
('3523', '35', 'KABUPATEN TUBAN'),
('3524', '35', 'KABUPATEN LAMONGAN'),
('3525', '35', 'KABUPATEN GRESIK'),
('3526', '35', 'KABUPATEN BANGKALAN'),
('3527', '35', 'KABUPATEN SAMPANG'),
('3528', '35', 'KABUPATEN PAMEKASAN'),
('3529', '35', 'KABUPATEN SUMENEP'),
('3571', '35', 'KOTA KEDIRI'),
('3572', '35', 'KOTA BLITAR'),
('3573', '35', 'KOTA MALANG'),
('3574', '35', 'KOTA PROBOLINGGO'),
('3575', '35', 'KOTA PASURUAN'),
('3576', '35', 'KOTA MOJOKERTO'),
('3577', '35', 'KOTA MADIUN'),
('3578', '35', 'KOTA SURABAYA'),
('3579', '35', 'KOTA BATU'),
('3601', '36', 'KABUPATEN PANDEGLANG'),
('3602', '36', 'KABUPATEN LEBAK'),
('3603', '36', 'KABUPATEN TANGERANG'),
('3604', '36', 'KABUPATEN SERANG'),
('3671', '36', 'KOTA TANGERANG'),
('3672', '36', 'KOTA CILEGON'),
('3673', '36', 'KOTA SERANG'),
('3674', '36', 'KOTA TANGERANG SELATAN'),
('5101', '51', 'KABUPATEN JEMBRANA'),
('5102', '51', 'KABUPATEN TABANAN'),
('5103', '51', 'KABUPATEN BADUNG'),
('5104', '51', 'KABUPATEN GIANYAR'),
('5105', '51', 'KABUPATEN KLUNGKUNG'),
('5106', '51', 'KABUPATEN BANGLI'),
('5107', '51', 'KABUPATEN KARANG ASEM'),
('5108', '51', 'KABUPATEN BULELENG'),
('5171', '51', 'KOTA DENPASAR'),
('5201', '52', 'KABUPATEN LOMBOK BARAT'),
('5202', '52', 'KABUPATEN LOMBOK TENGAH'),
('5203', '52', 'KABUPATEN LOMBOK TIMUR'),
('5204', '52', 'KABUPATEN SUMBAWA'),
('5205', '52', 'KABUPATEN DOMPU'),
('5206', '52', 'KABUPATEN BIMA'),
('5207', '52', 'KABUPATEN SUMBAWA BARAT'),
('5208', '52', 'KABUPATEN LOMBOK UTARA'),
('5271', '52', 'KOTA MATARAM'),
('5272', '52', 'KOTA BIMA'),
('5301', '53', 'KABUPATEN SUMBA BARAT'),
('5302', '53', 'KABUPATEN SUMBA TIMUR'),
('5303', '53', 'KABUPATEN KUPANG'),
('5304', '53', 'KABUPATEN TIMOR TENGAH SELATAN'),
('5305', '53', 'KABUPATEN TIMOR TENGAH UTARA'),
('5306', '53', 'KABUPATEN BELU'),
('5307', '53', 'KABUPATEN ALOR'),
('5308', '53', 'KABUPATEN LEMBATA'),
('5309', '53', 'KABUPATEN FLORES TIMUR'),
('5310', '53', 'KABUPATEN SIKKA'),
('5311', '53', 'KABUPATEN ENDE'),
('5312', '53', 'KABUPATEN NGADA'),
('5313', '53', 'KABUPATEN MANGGARAI'),
('5314', '53', 'KABUPATEN ROTE NDAO'),
('5315', '53', 'KABUPATEN MANGGARAI BARAT'),
('5316', '53', 'KABUPATEN SUMBA TENGAH'),
('5317', '53', 'KABUPATEN SUMBA BARAT DAYA'),
('5318', '53', 'KABUPATEN NAGEKEO'),
('5319', '53', 'KABUPATEN MANGGARAI TIMUR'),
('5320', '53', 'KABUPATEN SABU RAIJUA'),
('5321', '53', 'KABUPATEN MALAKA'),
('5371', '53', 'KOTA KUPANG'),
('6101', '61', 'KABUPATEN SAMBAS'),
('6102', '61', 'KABUPATEN BENGKAYANG'),
('6103', '61', 'KABUPATEN LANDAK'),
('6104', '61', 'KABUPATEN MEMPAWAH'),
('6105', '61', 'KABUPATEN SANGGAU'),
('6106', '61', 'KABUPATEN KETAPANG'),
('6107', '61', 'KABUPATEN SINTANG'),
('6108', '61', 'KABUPATEN KAPUAS HULU'),
('6109', '61', 'KABUPATEN SEKADAU'),
('6110', '61', 'KABUPATEN MELAWI'),
('6111', '61', 'KABUPATEN KAYONG UTARA'),
('6112', '61', 'KABUPATEN KUBU RAYA'),
('6171', '61', 'KOTA PONTIANAK'),
('6172', '61', 'KOTA SINGKAWANG'),
('6201', '62', 'KABUPATEN KOTAWARINGIN BARAT'),
('6202', '62', 'KABUPATEN KOTAWARINGIN TIMUR'),
('6203', '62', 'KABUPATEN KAPUAS'),
('6204', '62', 'KABUPATEN BARITO SELATAN'),
('6205', '62', 'KABUPATEN BARITO UTARA'),
('6206', '62', 'KABUPATEN SUKAMARA'),
('6207', '62', 'KABUPATEN LAMANDAU'),
('6208', '62', 'KABUPATEN SERUYAN'),
('6209', '62', 'KABUPATEN KATINGAN'),
('6210', '62', 'KABUPATEN PULANG PISAU'),
('6211', '62', 'KABUPATEN GUNUNG MAS'),
('6212', '62', 'KABUPATEN BARITO TIMUR'),
('6213', '62', 'KABUPATEN MURUNG RAYA'),
('6271', '62', 'KOTA PALANGKA RAYA'),
('6301', '63', 'KABUPATEN TANAH LAUT'),
('6302', '63', 'KABUPATEN KOTA BARU'),
('6303', '63', 'KABUPATEN BANJAR'),
('6304', '63', 'KABUPATEN BARITO KUALA'),
('6305', '63', 'KABUPATEN TAPIN'),
('6306', '63', 'KABUPATEN HULU SUNGAI SELATAN'),
('6307', '63', 'KABUPATEN HULU SUNGAI TENGAH'),
('6308', '63', 'KABUPATEN HULU SUNGAI UTARA'),
('6309', '63', 'KABUPATEN TABALONG'),
('6310', '63', 'KABUPATEN TANAH BUMBU'),
('6311', '63', 'KABUPATEN BALANGAN'),
('6371', '63', 'KOTA BANJARMASIN'),
('6372', '63', 'KOTA BANJAR BARU'),
('6401', '64', 'KABUPATEN PASER'),
('6402', '64', 'KABUPATEN KUTAI BARAT'),
('6403', '64', 'KABUPATEN KUTAI KARTANEGARA'),
('6404', '64', 'KABUPATEN KUTAI TIMUR'),
('6405', '64', 'KABUPATEN BERAU'),
('6409', '64', 'KABUPATEN PENAJAM PASER UTARA'),
('6411', '64', 'KABUPATEN MAHAKAM HULU'),
('6471', '64', 'KOTA BALIKPAPAN'),
('6472', '64', 'KOTA SAMARINDA'),
('6474', '64', 'KOTA BONTANG'),
('6501', '65', 'KABUPATEN MALINAU'),
('6502', '65', 'KABUPATEN BULUNGAN'),
('6503', '65', 'KABUPATEN TANA TIDUNG'),
('6504', '65', 'KABUPATEN NUNUKAN'),
('6571', '65', 'KOTA TARAKAN'),
('7101', '71', 'KABUPATEN BOLAANG MONGONDOW'),
('7102', '71', 'KABUPATEN MINAHASA'),
('7103', '71', 'KABUPATEN KEPULAUAN SANGIHE'),
('7104', '71', 'KABUPATEN KEPULAUAN TALAUD'),
('7105', '71', 'KABUPATEN MINAHASA SELATAN'),
('7106', '71', 'KABUPATEN MINAHASA UTARA'),
('7107', '71', 'KABUPATEN BOLAANG MONGONDOW UTARA'),
('7108', '71', 'KABUPATEN SIAU TAGULANDANG BIARO'),
('7109', '71', 'KABUPATEN MINAHASA TENGGARA'),
('7110', '71', 'KABUPATEN BOLAANG MONGONDOW SELATAN'),
('7111', '71', 'KABUPATEN BOLAANG MONGONDOW TIMUR'),
('7171', '71', 'KOTA MANADO'),
('7172', '71', 'KOTA BITUNG'),
('7173', '71', 'KOTA TOMOHON'),
('7174', '71', 'KOTA KOTAMOBAGU'),
('7201', '72', 'KABUPATEN BANGGAI KEPULAUAN'),
('7202', '72', 'KABUPATEN BANGGAI'),
('7203', '72', 'KABUPATEN MOROWALI'),
('7204', '72', 'KABUPATEN POSO'),
('7205', '72', 'KABUPATEN DONGGALA'),
('7206', '72', 'KABUPATEN TOLI-TOLI'),
('7207', '72', 'KABUPATEN BUOL'),
('7208', '72', 'KABUPATEN PARIGI MOUTONG'),
('7209', '72', 'KABUPATEN TOJO UNA-UNA'),
('7210', '72', 'KABUPATEN SIGI'),
('7211', '72', 'KABUPATEN BANGGAI LAUT'),
('7212', '72', 'KABUPATEN MOROWALI UTARA'),
('7271', '72', 'KOTA PALU'),
('7301', '73', 'KABUPATEN KEPULAUAN SELAYAR'),
('7302', '73', 'KABUPATEN BULUKUMBA'),
('7303', '73', 'KABUPATEN BANTAENG'),
('7304', '73', 'KABUPATEN JENEPONTO'),
('7305', '73', 'KABUPATEN TAKALAR'),
('7306', '73', 'KABUPATEN GOWA'),
('7307', '73', 'KABUPATEN SINJAI'),
('7308', '73', 'KABUPATEN MAROS'),
('7309', '73', 'KABUPATEN PANGKAJENE DAN KEPULAUAN'),
('7310', '73', 'KABUPATEN BARRU'),
('7311', '73', 'KABUPATEN BONE'),
('7312', '73', 'KABUPATEN SOPPENG'),
('7313', '73', 'KABUPATEN WAJO'),
('7314', '73', 'KABUPATEN SIDENRENG RAPPANG'),
('7315', '73', 'KABUPATEN PINRANG'),
('7316', '73', 'KABUPATEN ENREKANG'),
('7317', '73', 'KABUPATEN LUWU'),
('7318', '73', 'KABUPATEN TANA TORAJA'),
('7322', '73', 'KABUPATEN LUWU UTARA'),
('7325', '73', 'KABUPATEN LUWU TIMUR'),
('7326', '73', 'KABUPATEN TORAJA UTARA'),
('7371', '73', 'KOTA MAKASSAR'),
('7372', '73', 'KOTA PAREPARE'),
('7373', '73', 'KOTA PALOPO'),
('7401', '74', 'KABUPATEN BUTON'),
('7402', '74', 'KABUPATEN MUNA'),
('7403', '74', 'KABUPATEN KONAWE'),
('7404', '74', 'KABUPATEN KOLAKA'),
('7405', '74', 'KABUPATEN KONAWE SELATAN'),
('7406', '74', 'KABUPATEN BOMBANA'),
('7407', '74', 'KABUPATEN WAKATOBI'),
('7408', '74', 'KABUPATEN KOLAKA UTARA'),
('7409', '74', 'KABUPATEN BUTON UTARA'),
('7410', '74', 'KABUPATEN KONAWE UTARA'),
('7411', '74', 'KABUPATEN KOLAKA TIMUR'),
('7412', '74', 'KABUPATEN KONAWE KEPULAUAN'),
('7413', '74', 'KABUPATEN MUNA BARAT'),
('7414', '74', 'KABUPATEN BUTON TENGAH'),
('7415', '74', 'KABUPATEN BUTON SELATAN'),
('7471', '74', 'KOTA KENDARI'),
('7472', '74', 'KOTA BAUBAU'),
('7501', '75', 'KABUPATEN BOALEMO'),
('7502', '75', 'KABUPATEN GORONTALO'),
('7503', '75', 'KABUPATEN POHUWATO'),
('7504', '75', 'KABUPATEN BONE BOLANGO'),
('7505', '75', 'KABUPATEN GORONTALO UTARA'),
('7571', '75', 'KOTA GORONTALO'),
('7601', '76', 'KABUPATEN MAJENE'),
('7602', '76', 'KABUPATEN POLEWALI MANDAR'),
('7603', '76', 'KABUPATEN MAMASA'),
('7604', '76', 'KABUPATEN MAMUJU'),
('7605', '76', 'KABUPATEN MAMUJU UTARA'),
('7606', '76', 'KABUPATEN MAMUJU TENGAH'),
('8101', '81', 'KABUPATEN MALUKU TENGGARA BARAT'),
('8102', '81', 'KABUPATEN MALUKU TENGGARA'),
('8103', '81', 'KABUPATEN MALUKU TENGAH'),
('8104', '81', 'KABUPATEN BURU'),
('8105', '81', 'KABUPATEN KEPULAUAN ARU'),
('8106', '81', 'KABUPATEN SERAM BAGIAN BARAT'),
('8107', '81', 'KABUPATEN SERAM BAGIAN TIMUR'),
('8108', '81', 'KABUPATEN MALUKU BARAT DAYA'),
('8109', '81', 'KABUPATEN BURU SELATAN'),
('8171', '81', 'KOTA AMBON'),
('8172', '81', 'KOTA TUAL'),
('8201', '82', 'KABUPATEN HALMAHERA BARAT'),
('8202', '82', 'KABUPATEN HALMAHERA TENGAH'),
('8203', '82', 'KABUPATEN KEPULAUAN SULA'),
('8204', '82', 'KABUPATEN HALMAHERA SELATAN'),
('8205', '82', 'KABUPATEN HALMAHERA UTARA'),
('8206', '82', 'KABUPATEN HALMAHERA TIMUR'),
('8207', '82', 'KABUPATEN PULAU MOROTAI'),
('8208', '82', 'KABUPATEN PULAU TALIABU'),
('8271', '82', 'KOTA TERNATE'),
('8272', '82', 'KOTA TIDORE KEPULAUAN'),
('9101', '91', 'KABUPATEN FAKFAK'),
('9102', '91', 'KABUPATEN KAIMANA'),
('9103', '91', 'KABUPATEN TELUK WONDAMA'),
('9104', '91', 'KABUPATEN TELUK BINTUNI'),
('9105', '91', 'KABUPATEN MANOKWARI'),
('9106', '91', 'KABUPATEN SORONG SELATAN'),
('9107', '91', 'KABUPATEN SORONG'),
('9108', '91', 'KABUPATEN RAJA AMPAT'),
('9109', '91', 'KABUPATEN TAMBRAUW'),
('9110', '91', 'KABUPATEN MAYBRAT'),
('9111', '91', 'KABUPATEN MANOKWARI SELATAN'),
('9112', '91', 'KABUPATEN PEGUNUNGAN ARFAK'),
('9171', '91', 'KOTA SORONG'),
('9401', '94', 'KABUPATEN MERAUKE'),
('9402', '94', 'KABUPATEN JAYAWIJAYA'),
('9403', '94', 'KABUPATEN JAYAPURA'),
('9404', '94', 'KABUPATEN NABIRE'),
('9408', '94', 'KABUPATEN KEPULAUAN YAPEN'),
('9409', '94', 'KABUPATEN BIAK NUMFOR'),
('9410', '94', 'KABUPATEN PANIAI'),
('9411', '94', 'KABUPATEN PUNCAK JAYA'),
('9412', '94', 'KABUPATEN MIMIKA'),
('9413', '94', 'KABUPATEN BOVEN DIGOEL'),
('9414', '94', 'KABUPATEN MAPPI'),
('9415', '94', 'KABUPATEN ASMAT'),
('9416', '94', 'KABUPATEN YAHUKIMO'),
('9417', '94', 'KABUPATEN PEGUNUNGAN BINTANG'),
('9418', '94', 'KABUPATEN TOLIKARA'),
('9419', '94', 'KABUPATEN SARMI'),
('9420', '94', 'KABUPATEN KEEROM'),
('9426', '94', 'KABUPATEN WAROPEN'),
('9427', '94', 'KABUPATEN SUPIORI'),
('9428', '94', 'KABUPATEN MAMBERAMO RAYA'),
('9429', '94', 'KABUPATEN NDUGA'),
('9430', '94', 'KABUPATEN LANNY JAYA'),
('9431', '94', 'KABUPATEN MAMBERAMO TENGAH'),
('9432', '94', 'KABUPATEN YALIMO'),
('9433', '94', 'KABUPATEN PUNCAK'),
('9434', '94', 'KABUPATEN DOGIYAI'),
('9435', '94', 'KABUPATEN INTAN JAYA'),
('9436', '94', 'KABUPATEN DEIYAI'),
('9471', '94', 'KOTA JAYAPURA');

-- --------------------------------------------------------

--
-- Table structure for table `user`
--

CREATE TABLE IF NOT EXISTS `user` (
  `id_user` int(5) NOT NULL AUTO_INCREMENT,
  `username` varchar(15) NOT NULL,
  `password` varchar(50) NOT NULL,
  `level` enum('admin','head','staf') NOT NULL DEFAULT 'staf',
  `blokir` enum('Y','N') NOT NULL DEFAULT 'N',
  `last_login` datetime NOT NULL,
  `locktype` enum('0','1') NOT NULL DEFAULT '0',
  `id_session` varchar(100) NOT NULL,
  PRIMARY KEY (`id_user`)
) ENGINE=InnoDB  DEFAULT CHARSET=latin1 AUTO_INCREMENT=9 ;

--
-- Dumping data for table `user`
--

INSERT INTO `user` (`id_user`, `username`, `password`, `level`, `blokir`, `last_login`, `locktype`, `id_session`) VALUES
(1, 'admin', '21232f297a57a5a743894a0e4a801fc3', 'admin', 'N', '2018-03-14 22:13:29', '0', '9m7v2htbvo559m2ibv32hv40c6'),
(6, '3141', '92a08bf918f44ccd961477be30023da1', 'head', 'N', '2018-03-14 22:24:14', '0', 'f6rpo6ppi8f69j6pip35ftome6'),
(7, '3329', 'ac8cd1808dc30460a81cab1b0e6652fa', 'staf', 'N', '2018-03-14 21:30:28', '0', 'p3ump4vfnjdudpc5qrbnm0cbe6'),
(8, '3356', 'a36b598abb934e4528412e5a2127b931', 'staf', 'N', '2018-03-13 23:21:32', '0', '9uuc2hauttnvp60ai8n0f79es3');

--
-- Constraints for dumped tables
--

--
-- Constraints for table `regencies`
--
ALTER TABLE `regencies`
  ADD CONSTRAINT `regencies_province_id_foreign` FOREIGN KEY (`province_id`) REFERENCES `provinces` (`id`);

/*!40101 SET CHARACTER_SET_CLIENT=@OLD_CHARACTER_SET_CLIENT */;
/*!40101 SET CHARACTER_SET_RESULTS=@OLD_CHARACTER_SET_RESULTS */;
/*!40101 SET COLLATION_CONNECTION=@OLD_COLLATION_CONNECTION */;
